{
  "enabled": true,
  "method": "percentile",
  "per_regime": false,
  "per_turbine": true,
  "percentile": 0.995,
  "thresholds": {
    "*::*": 0.41587313964962946,
    "Farm_A::0::*": 0.3326194524765011,
    "Farm_A::10::*": 0.3146096009016033,
    "Farm_A::11::*": 0.34401090279221547,
    "Farm_A::13::*": 0.36138835668563857,
    "Farm_A::21::*": 0.31958884239196766,
    "Farm_B::0::*": 0.39300653621554366,
    "Farm_B::11::*": 0.4409157979488373,
    "Farm_B::12::*": 0.42958217278122907,
    "Farm_B::13::*": 0.36736952006816864,
    "Farm_B::14::*": 0.3615422070026398,
    "Farm_B::2::*": 0.3873261104524136,
    "Farm_B::5::*": 0.3873697778582574,
    "Farm_B::6::*": 0.44397566467523586,
    "Farm_B::7::*": 0.4138622230291368
  }
}